{
  "forcedNicknames": {
    "guildId1": {
      "userId1": "nickname1",
      "userId2": "nickname2"
    },
    "guildId2": {
      "userId3": "nickname3"
    },
    "1359474259902332992": {
      "758522527885951016": "goodboy",
      "1318693972662554625": "test",
      "1200643929826152491": "test"
    },
    "1342130282270031973": {
      "1304653006062620674": "ski (not og)"
    },
    "1335213460786511954": {
      "853971499622858752": "ah"
    },
    "1356690604666650867": {
      "1452241662590976101": "nig"
    }
  },
  "filteredWords": {
    "guildId1": [
      "word1",
      "word2"
    ],
    "guildId2": [
      "word3"
    ],
    "1302348166057820291": [
      "add",
      "b1d"
    ],
    "1342130282270031973": [
      "nigger"
    ],
    "1359474259902332992": [
      "nigger"
    ],
    "1309231689955807273": [
      "rape",
      "nigger"
    ],
    "1328173729242415286": [
      "(https?://)?(www.)?(discord.(gg|io|me|li)|discordapp.com/invite|discord.com/invite)/.+[a-z]",
      "#"
    ]
  },
  "autoResponses": {
    "guildId1": {
      "trigger1": {
        "response": "response1",
        "strict": false,
        "reply": false
      }
    },
    "guildId2": {
      "trigger2": {
        "response": "response2",
        "strict": false,
        "reply": false
      }
    },
    "1335213460786511954": {
      "pic": {
        "response": "rep please",
        "strict": false,
        "reply": true
      }
    },
    "1302348166057820291": {
      "scheme": {
        "response": "hi",
        "strict": false,
        "reply": false
      }
    },
    "1359474259902332992": {},
    "1342130282270031973": {},
    "1309231689955807273": {}
  },
  "serverWhitelists": {
    "1335213460786511954": true,
    "1302348166057820291": true,
    "1238613801725726783": true,
    "1309231689955807273": true,
    "1356690604666650867": true,
    "1455305225081589843": true,
    "1456037382762795199": true
  },
  "birthdays": {
    "758522527885951016": "2007-12-01",
    "userId1": "1999-01-01",
    "userId2": "2000-12-31",
    "1244645478260543599": "2002-04-12"
  },
  "hardbannedUsers": {
    "1335213460786511954": [
      "1348738821411569694",
      "696452268005785720"
    ],
    "1456037382762795199": []
  },
  "slurCounts": {
    "1448417272631918735_nigger": 1,
    "1448417272631918735_nigga": 2
  },
  "blacklistedUsers": [
    "858372632478875668"
  ],
  "spamWarnings": {
    "1448417272631918735": 1
  },
  "serverPrefixes": {
    "1335213460786511954": ",",
    "1309231689955807273": ",",
    "1456037382762795199": ","
  },
  "blacklistLevels": {},
  "blacklistExpirations": {},
  "economy": {
    "balances": {
      "1448417272631918735": 1e+47,
      "1331687851024191499": 1000000
    },
    "dailyCooldowns": {
      "1448417272631918735": 1767555020713
    },
    "workCooldowns": {
      "1448417272631918735": 1767279748627
    },
    "shopItems": {
      "1456037382762795199": [
        {
          "name": "powerful",
          "price": 1000000,
          "roleId": "1456301116705996882",
          "description": "unbannable"
        }
      ]
    }
  },
  "antinuke": {
    "1456037382762795199": {
      "modules": {
        "botadd": {
          "enabled": true,
          "threshold": 1,
          "punishment": "ban",
          "command": false
        },
        "emoji": {
          "enabled": false,
          "threshold": 3,
          "punishment": "ban",
          "command": false
        },
        "channel": {
          "enabled": false,
          "threshold": 3,
          "punishment": "ban",
          "command": false
        }
      },
      "whitelist": [],
      "admins": [],
      "timeWindow": 10000,
      "logChannel": "1457384692377452743",
      "override": false
    },
    "1335213460786511954": {
      "modules": {
        "kick": {
          "enabled": true,
          "threshold": 3,
          "punishment": "stripstaff",
          "command": true
        },
        "botadd": {
          "enabled": true,
          "threshold": 1,
          "punishment": "warn",
          "command": false
        }
      },
      "whitelist": [],
      "admins": [],
      "timeWindow": 10000,
      "logChannel": null
    },
    "1356690604666650867": {
      "modules": {
        "botadd": {
          "enabled": false,
          "threshold": 1,
          "punishment": "ban",
          "command": false
        },
        "emoji": {
          "enabled": false,
          "threshold": 3,
          "punishment": "ban",
          "command": false
        }
      },
      "whitelist": [],
      "admins": [],
      "timeWindow": 10000,
      "logChannel": null,
      "override": false
    },
    "1309231689955807273": {
      "modules": {
        "kick": {
          "enabled": true,
          "threshold": 3,
          "punishment": "stripstaff",
          "command": true
        },
        "botadd": {
          "enabled": true,
          "threshold": 1,
          "punishment": "stripstaff",
          "command": false
        },
        "channel": {
          "enabled": true,
          "threshold": 3,
          "punishment": "stripstaff",
          "command": false
        }
      },
      "whitelist": [
        "408785106942164992"
      ],
      "admins": [],
      "timeWindow": 10000,
      "logChannel": "1361982976749207552",
      "override": true
    }
  },
  "antinukeOverride": false,
  "timezones": {
    "1448417272631918735": "Asia/Istanbul"
  }
}